Repo_Name,Last_Check,Latest_Commit
https://github.com/lassekongo83/adw-gtk3.git,30102022-193933,952e5ad2eed40283b8edab726c7c669c63a76022
https://gitlab.gnome.org/World/amberol.git,30102022-193934,2064195aedf3b31fde0876d8c30aa47eb86901b3
https://github.com/PapirusDevelopmentTeam/papirus-icon-theme.git,30102022-193935,11e75c8a6cf8dac3a4653fc3ecb760cf99741f38
https://gitlab.com/AndrewZaech/azclock.git,30102022-193935,c1032a1f5d2ba1ae6ba6d935092813b259a79013
https://gitlab.gnome.org/jrahmatzadeh/just-perfection.git,30102022-193936,e494654c7a38a93b15cfbd49d8d1754506c57fa5
https://github.com/realmazharhussain/gdm-settings.git,30102022-193936,01d92307262f7af5e8a3ba50b13b98d46ecaaaaa
https://gitlab.gnome.org/GNOME/console.git,30102022-193937,0556f9f3fe25715958e4458a2d8393ad4cfe6beb
https://gitlab.gnome.org/GNOME/gnome-text-editor.git,30102022-193938,caec8aae804db271369387be7f7b6049ec0eb942
https://gitlab.gnome.org/GNOME/libadwaita.git,30102022-193939,e8622df35b8cc6ef1470c1a9aa2f0fd164ab4349
https://github.com/PapirusDevelopmentTeam/papirus-icon-theme.git,30102022-193939,11e75c8a6cf8dac3a4653fc3ecb760cf99741f38
https://github.com/knuxify/eartag.git,30102022-193940,d3c9b16a4c12d6cde1c0e1d666f42ec14d29b755