Repo_Name,Last_Check,Current_Commit
https://github.com/lassekongo83/adw-gtk3.git,31-Oct-2022/21:03:23,952e5ad2eed40283b8edab726c7c669c63a76022
https://gitlab.gnome.org/World/amberol.git,31-Oct-2022/21:03:23,2064195aedf3b31fde0876d8c30aa47eb86901b3
https://gitlab.gnome.org/GNOME/libadwaita.git,31-Oct-2022/21:03:24,e8622df35b8cc6ef1470c1a9aa2f0fd164ab4349
https://gitlab.gnome.org/GNOME/console.git,31-Oct-2022/21:03:25,0556f9f3fe25715958e4458a2d8393ad4cfe6beb
https://gitlab.gnome.org/GNOME/gnome-text-editor.git,31-Oct-2022/21:03:26,15de50e6b8269e26fd93cd1f332b610240ec36b3
https://github.com/johnfactotum/foliate.git,31-Oct-2022/21:03:26,3115d245422747cb1540ef279f10d11d4f666be4
https://gitlab.gnome.org/GNOME/meld.git,31-Oct-2022/21:03:27,c310992c25e91261d5c2a7be87b0da6176216f4f
https://github.com/PapirusDevelopmentTeam/papirus-icon-theme.git,31-Oct-2022/21:03:27,11e75c8a6cf8dac3a4653fc3ecb760cf99741f38
https://gitlab.com/AndrewZaech/azclock.git,31-Oct-2022/21:03:28,c1032a1f5d2ba1ae6ba6d935092813b259a79013
https://gitlab.gnome.org/jrahmatzadeh/just-perfection.git,31-Oct-2022/21:03:28,e494654c7a38a93b15cfbd49d8d1754506c57fa5
https://github.com/realmazharhussain/gdm-settings.git,31-Oct-2022/21:03:29,01d92307262f7af5e8a3ba50b13b98d46ecaaaaa
https://github.com/knuxify/eartag.git,31-Oct-2022/21:03:29,d3c9b16a4c12d6cde1c0e1d666f42ec14d29b755
https://github.com/audacious-media-player/audacious,31-Oct-2022/21:03:30,a5afdc2009458f7c3e6f6e2989cf3f211a124891
https://github.com/audacious-media-player/audacious-plugins.git,31-Oct-2022/21:03:30,303b74a7e20b7aef3947f08b0282afc9922baf0f
